Object_ID,X,Y,Flux,origin
1,4870,1,16093.80880737975,fbs0005
2,6762,55,11241.645070422535,fbs0005
3,7116,7,10209.25,fbs0005
4,3295,26,10980.731343283582,fbs0005
5,5582,25,10873.452054794521,fbs0005
6,8418,32,10440.6,fbs0005
7,3492,27,10222.0,fbs0005
8,7115,50,10739.072727272727,fbs0005
9,3724,50,10107.4,fbs0005
10,2466,60,10660.153846153846,fbs0005
11,3723,55,10317.2,fbs0005
12,8417,70,10910.660714285714,fbs0005
13,4147,62,10244.846153846154,fbs0005
14,6651,69,10783.027027027027,fbs0005
15,8453,74,10796.285714285714,fbs0005
16,7511,73,10294.666666666666,fbs0005
17,7510,80,10394.333333333334,fbs0005
18,2532,99,10055.0,fbs0005
19,7237,102,10051.75,fbs0005
20,4943,112,10259.176470588236,fbs0005
21,7237,106,10203.5,fbs0005
22,2251,121,10618.25,fbs0005
23,6406,111,10158.666666666666,fbs0005
24,7236,112,10488.666666666666,fbs0005
25,7229,153,11073.713450292398,fbs0005
26,4048,126,10004.0,fbs0005
27,4942,147,11112.988235294117,fbs0005
28,4047,133,10285.875,fbs0005
29,5559,139,11047.5,fbs0005
30,6563,193,11208.84126984127,fbs0005
31,8493,151,10230.8,fbs0005
32,7626,152,10249.2,fbs0005
33,5173,166,10781.17857142857,fbs0005
34,7626,158,10090.0,fbs0005
35,9064,158,10495.0,fbs0005
36,8992,200,10901.191256830602,fbs0005
37,1050,169,10199.111111111111,fbs0005
38,3826,168,10083.5,fbs0005
39,3824,207,11079.827814569537,fbs0005
40,1050,177,10370.0,fbs0005
41,928,182,10147.666666666666,fbs0005
42,8331,210,11019.161971830987,fbs0005
43,6257,185,10106.5,fbs0005
44,7625,199,10903.8,fbs0005
45,927,190,10261.333333333334,fbs0005
46,925,218,11098.352272727272,fbs0005
47,3183,221,10981.641975308641,fbs0005
48,5241,210,10141.0,fbs0005
49,6302,276,11372.044444444444,fbs0005
50,4258,232,10064.333333333334,fbs0005
51,2955,272,11114.608974358975,fbs0005
52,1281,249,10558.857142857143,fbs0005
53,4441,296,11377.584097859328,fbs0005
54,7302,270,10956.338461538462,fbs0005
55,5357,267,10477.105263157895,fbs0005
56,2317,274,10543.075,fbs0005
57,6052,276,10005.0,fbs0005
58,6051,285,10201.4,fbs0005
59,1534,324,11291.776515151516,fbs0005
60,6444,291,10147.666666666666,fbs0005
61,6444,297,10444.857142857143,fbs0005
62,5918,308,10383.0,fbs0005
63,1686,310,10206.666666666666,fbs0005
64,6050,324,10642.66037735849,fbs0005
65,3536,401,11560.14498933902,fbs0005
66,6766,397,11429.979515828678,fbs0005
67,4629,348,10288.0,fbs0005
68,3606,350,10141.4,fbs0005
69,6851,403,11375.219626168224,fbs0005
70,3587,394,10944.21568627451,fbs0005
71,4628,356,10493.2,fbs0005
72,3606,357,10595.25,fbs0005
73,2070,431,11694.371794871795,fbs0005
74,925,413,11102.760233918129,fbs0005
75,5237,371,10107.5,fbs0005
76,5236,381,10574.375,fbs0005
77,8086,391,10414.823529411764,fbs0005
78,3052,384,10065.0,fbs0005
79,8538,391,10239.6,fbs0005
80,3052,391,10418.666666666666,fbs0005
81,4721,442,11359.89393939394,fbs0005
82,6726,409,10595.190476190477,fbs0005
83,8538,399,10009.0,fbs0005
84,2103,431,11157.19014084507,fbs0005
85,8538,402,10084.5,fbs0005
86,2160,422,11109.541666666666,fbs0005
87,562,418,10281.92857142857,fbs0005
88,8085,429,10893.06,fbs0005
89,8537,433,11009.651515151516,fbs0005
90,6725,446,10982.853333333333,fbs0005
91,4425,448,10367.137931034482,fbs0005
92,560,455,10852.349206349207,fbs0005
93,7489,442,11621.041666666666,fbs0005
94,5183,458,10923.76923076923,fbs0005
95,4288,468,11017.035714285714,fbs0005
96,5283,489,11031.420289855072,fbs0005
97,3423,456,10047.5,fbs0005
98,3421,502,11355.40909090909,fbs0005
99,4005,515,11180.09264305177,fbs0005
100,1740,467,10186.0,fbs0005
101,4424,485,11206.657894736842,fbs0005
102,810,485,10748.105263157895,fbs0005
103,3565,478,10380.380952380952,fbs0005
104,1441,479,10068.0,fbs0005
105,2586,493,10165.285714285714,fbs0005
106,7617,498,10013.0,fbs0005
107,9103,501,10134.75,fbs0005
108,7067,515,10649.933333333332,fbs0005
109,2227,554,11495.636942675159,fbs0005
110,6677,551,11275.610441767069,fbs0005
111,7616,511,10500.82142857143,fbs0005
112,9101,553,11097.008695652174,fbs0005
113,1865,530,10598.894736842105,fbs0005
114,8129,521,10189.75,fbs0005
115,2584,535,10701.88524590164,fbs0005
116,3977,528,10261.555555555555,fbs0005
117,8128,529,10423.0,fbs0005
118,7066,553,11085.512195121952,fbs0005
119,1153,550,10314.833333333334,fbs0005
120,4781,555,10309.689655172413,fbs0005
121,2956,569,10797.516129032258,fbs0005
122,3975,570,10919.907407407407,fbs0005
123,8058,630,11423.474093264249,fbs0005
124,4780,592,11009.085714285715,fbs0005
125,9387,591,10636.194444444445,fbs0005
126,4238,589,10197.0,fbs0005
127,6982,590,10127.0,fbs0005
128,2487,594,10658.0,fbs0005
129,6981,603,10581.366666666667,fbs0005
130,8837,596,10031.0,fbs0005
131,2514,597,10052.5,fbs0005
132,4238,598,10106.0,fbs0005
133,2512,648,11458.688581314878,fbs0005
134,1733,659,11361.503496503496,fbs0005
135,4236,629,11140.604395604396,fbs0005
136,2660,615,10068.5,fbs0005
137,2659,622,10341.8,fbs0005
138,4674,684,11493.434704830053,fbs0005
139,5438,636,10362.695652173914,fbs0005
140,7954,652,11175.890243902439,fbs0005
141,4251,645,10309.833333333334,fbs0005
142,7313,644,10040.0,fbs0005
143,7312,658,10391.0,fbs0005
144,9046,670,10385.074074074075,fbs0005
145,8028,673,10210.5,fbs0005
146,8386,713,11074.117318435754,fbs0005
147,3448,734,11471.817610062893,fbs0005
148,4577,698,10348.263157894737,fbs0005
149,2130,706,10557.74358974359,fbs0005
150,5623,713,10249.461538461539,fbs0005
151,3410,708,10211.0,fbs0005
152,3410,714,10224.666666666666,fbs0005
153,2259,714,10019.0,fbs0005
154,1931,717,10258.0,fbs0005
155,2258,728,11008.363636363636,fbs0005
156,6175,727,10380.707317073171,fbs0005
157,2557,732,10848.297872340425,fbs0005
158,4575,737,10974.0,fbs0005
159,3288,729,10438.125,fbs0005
160,1335,724,10133.0,fbs0005
161,1930,726,10280.285714285714,fbs0005
162,3698,745,10342.583333333334,fbs0005
163,8047,751,10632.755102040815,fbs0005
164,2233,756,10733.90909090909,fbs0005
165,6174,764,11156.03738317757,fbs0005
166,7053,747,10010.0,fbs0005
167,3602,749,10170.0,fbs0005
168,3695,749,10135.5,fbs0005
169,3600,795,11417.141732283464,fbs0005
170,4532,767,10433.941176470587,fbs0005
171,693,776,10710.027027027027,fbs0005
172,8571,774,10504.84090909091,fbs0005
173,797,818,11405.331491712706,fbs0005
174,5569,775,10502.390243902439,fbs0005
175,6519,776,10525.952380952382,fbs0005
176,5425,787,10715.68888888889,fbs0005
177,343,775,10073.0,fbs0005
178,7000,775,10060.5,fbs0005
179,7051,791,10712.16,fbs0005
180,7000,781,10234.833333333334,fbs0005
181,343,782,10384.25,fbs0005
182,5944,786,10235.0,fbs0005
183,7000,789,10045.333333333334,fbs0005
184,6607,805,10891.217391304348,fbs0005
185,5944,794,10379.666666666666,fbs0005
186,692,813,11010.06976744186,fbs0005
187,6664,800,10263.09090909091,fbs0005
188,8097,803,10428.4375,fbs0005
189,8571,813,11019.28947368421,fbs0005
190,6205,813,10408.818181818182,fbs0005
191,6815,806,10148.0,fbs0005
192,5280,846,11140.56647398844,fbs0005
193,6664,810,10330.0,fbs0005
194,6999,821,10843.583333333334,fbs0005
195,6814,812,10162.0,fbs0005
196,5847,867,11371.66883116883,fbs0005
197,6663,839,11059.355555555556,fbs0005
198,1673,841,10722.4,fbs0005
199,1085,885,11290.709090909091,fbs0005
200,5156,851,10571.603448275862,fbs0005
201,1331,848,10224.0,fbs0005
202,1330,856,10299.0,fbs0005
203,7612,859,10413.5,fbs0005
204,2888,872,10875.266666666666,fbs0005
205,7611,867,10417.25,fbs0005
206,5512,886,10966.5,fbs0005
207,8009,918,11099.304347826086,fbs0005
208,2570,925,11254.79393939394,fbs0005
209,3888,887,10026.0,fbs0005
210,630,940,11131.59022556391,fbs0005
211,3249,972,11663.246268656716,fbs0005
212,4940,916,10344.136363636364,fbs0005
213,3464,911,10184.333333333334,fbs0005
214,7414,920,10574.181818181818,fbs0005
215,6075,916,10366.2,fbs0005
216,3464,918,10260.5,fbs0005
217,4856,918,10094.333333333334,fbs0005
218,6074,929,10692.375,fbs0005
219,4855,926,10254.75,fbs0005
220,5345,977,11388.51,fbs0005
221,2198,935,10105.5,fbs0005
222,4811,989,11495.99049881235,fbs0005
223,654,950,10607.148148148148,fbs0005
224,7674,950,10364.863636363636,fbs0005
225,2197,943,10124.285714285714,fbs0005
226,8421,957,10863.558139534884,fbs0005
227,7186,951,10211.0,fbs0005
228,2180,995,11289.478468899522,fbs0005
229,6570,953,10054.5,fbs0005
230,6563,967,10793.025,fbs0005
231,7184,1004,11480.371428571429,fbs0005
232,3430,999,11274.32888888889,fbs0005
233,6569,963,10560.625,fbs0005
234,6386,977,10796.933333333332,fbs0005
235,653,985,10982.122222222222,fbs0005
236,397,984,10875.555555555555,fbs0005
237,7691,972,10077.5,fbs0005
238,7673,989,10955.96875,fbs0005
239,3751,977,10005.0,fbs0005
240,7691,978,10230.666666666666,fbs0005
241,3326,983,10037.0,fbs0005
242,3325,989,10345.181818181818,fbs0005
243,5208,1033,11095.709183673469,fbs0005
244,7756,1003,10283.17857142857,fbs0005
245,2938,1005,10023.0,fbs0005
246,3749,1020,10601.224137931034,fbs0005
247,2938,1011,10112.0,fbs0005
248,7755,1041,10995.704545454546,fbs0005
249,7142,1030,10072.0,fbs0005
250,7141,1039,10376.625,fbs0005
251,7911,1037,10384.714285714286,fbs0005
252,7180,1040,10024.0,fbs0005
253,746,1043,10072.0,fbs0005
254,7332,1081,11049.904458598727,fbs0005
255,7911,1045,10667.6,fbs0005
256,418,1046,10141.333333333334,fbs0005
257,5589,1058,10397.470588235294,fbs0005
258,7180,1046,10067.0,fbs0005
259,743,1089,11162.633663366336,fbs0005
260,416,1059,10670.28947368421,fbs0005
261,7180,1051,10272.2,fbs0005
262,608,1055,10176.0,fbs0005
263,237,1092,11082.384615384615,fbs0005
264,607,1062,10203.625,fbs0005
265,7179,1083,11068.15,fbs0005
266,607,1070,10190.5,fbs0005
267,5588,1091,11207.873873873874,fbs0005
268,7317,1073,10162.0,fbs0005
269,607,1076,10120.0,fbs0005
270,2408,1078,10104.5,fbs0005
271,4195,1127,11435.142857142857,fbs0005
272,8213,1096,10780.85,fbs0005
273,2408,1086,10261.333333333334,fbs0005
274,605,1104,11112.593220338984,fbs0005
275,6369,1102,10623.315789473685,fbs0005
276,7569,1091,10036.0,fbs0005
277,7568,1104,10612.472222222223,fbs0005
278,7694,1097,10191.25,fbs0005
279,9155,1097,10033.333333333334,fbs0005
280,1755,1148,11388.036363636364,fbs0005
281,9154,1106,10550.954545454546,fbs0005
282,6790,1118,10390.0,fbs0005
283,4973,1174,11532.46956521739,fbs0005
284,4358,1121,10318.0,fbs0005
285,2940,1126,10103.666666666666,fbs0005
286,2900,1133,10371.666666666666,fbs0005
287,898,1130,10360.0,fbs0005
288,2939,1136,10442.633333333333,fbs0005
289,6794,1129,10134.5,fbs0005
290,5767,1140,10327.233333333334,fbs0005
291,2488,1140,10284.333333333334,fbs0005
292,2783,1147,10246.533333333333,fbs0005
293,2488,1146,10191.2,fbs0005
294,2486,1194,11490.494736842105,fbs0005
295,6879,1163,10886.113636363636,fbs0005
296,6049,1152,10121.0,fbs0005
297,2783,1156,10101.25,fbs0005
298,1484,1160,10063.0,fbs0005
299,4403,1172,10821.136363636364,fbs0005
300,1482,1204,11173.391534391534,fbs0005
301,7556,1178,10909.529411764706,fbs0005
302,8244,1174,10467.677419354839,fbs0005
303,661,1183,10640.878048780487,fbs0005
304,7869,1180,10652.939393939394,fbs0005
305,2782,1189,11073.214285714286,fbs0005
306,2217,1190,10302.064516129032,fbs0005
307,6522,1183,10141.5,fbs0005
308,9193,1198,10536.8125,fbs0005
309,6521,1197,10869.176470588236,fbs0005
310,2032,1204,10310.619047619048,fbs0005
311,3675,1197,10042.0,fbs0005
312,659,1217,11047.91111111111,fbs0005
313,7869,1199,10027.0,fbs0005
314,8759,1200,10073.666666666666,fbs0005
315,7868,1219,11151.595238095239,fbs0005
316,2134,1210,10432.25,fbs0005
317,2216,1225,11133.587719298246,fbs0005
318,1809,1261,11460.78205128205,fbs0005
319,8413,1219,10655.431818181818,fbs0005
320,3375,1219,10719.91304347826,fbs0005
321,4153,1266,11317.56862745098,fbs0005
322,2031,1239,11031.436893203883,fbs0005
323,5744,1228,10115.0,fbs0005
324,7267,1286,11555.544715447155,fbs0005
325,2439,1230,10242.5,fbs0005
326,5744,1233,10331.25,fbs0005
327,2438,1237,10497.857142857143,fbs0005
328,7605,1239,10169.5,fbs0005
329,7667,1282,11219.53,fbs0005
330,7605,1255,10812.458333333334,fbs0005
331,5373,1298,11232.341463414634,fbs0005
332,1547,1266,10241.333333333334,fbs0005
333,9265,1270,10437.470588235294,fbs0005
334,8978,1278,10453.431818181818,fbs0005
335,4369,1333,11631.44183006536,fbs0005
336,7604,1293,11211.714285714286,fbs0005
337,6070,1286,10550.583333333334,fbs0005
338,1764,1334,11334.968847352025,fbs0005
339,3907,1301,10846.704545454546,fbs0005
340,3391,1299,10308.055555555555,fbs0005
341,1545,1307,10921.290322580646,fbs0005
342,8978,1316,10918.378048780487,fbs0005
343,6216,1346,11331.791836734694,fbs0005
344,3731,1302,10017.0,fbs0005
345,1519,1350,11207.289719626167,fbs0005
346,3590,1326,10556.725,fbs0005
347,1709,1328,10323.5,fbs0005
348,439,1327,10563.666666666666,fbs0005
349,3389,1339,11036.074626865671,fbs0005
350,6072,1348,10599.8,fbs0005
351,7806,1414,11825.791476407914,fbs0005
352,1707,1365,11257.41111111111,fbs0005
353,1208,1351,10832.25,fbs0005
354,1233,1390,11196.705128205129,fbs0005
355,6071,1382,11143.445544554455,fbs0005
356,4913,1367,10100.0,fbs0005
357,5389,1385,11004.830508474577,fbs0005
358,4912,1377,10441.272727272728,fbs0005
359,4398,1374,10126.5,fbs0005
360,9315,1378,10027.0,fbs0005
361,9219,1381,10183.0,fbs0005
362,9224,1380,10075.0,fbs0005
363,4574,1384,10035.666666666666,fbs0005
364,4574,1389,10233.75,fbs0005
365,5807,1447,11099.25945945946,fbs0005
366,9357,1406,10164.0,fbs0005
367,9356,1421,10812.92,fbs0005
368,7900,1412,10970.5,fbs0005
369,8858,1425,10410.473684210527,fbs0005
370,2008,1470,11467.16011235955,fbs0005
371,7496,1424,10130.5,fbs0005
372,6632,1425,10091.5,fbs0005
373,7496,1427,10149.5,fbs0005
374,3336,1438,10512.791666666666,fbs0005
375,6631,1429,10055.8,fbs0005
376,5969,1434,10110.5,fbs0005
377,7496,1433,10025.0,fbs0005
378,2196,1494,11579.47874015748,fbs0005
379,9357,1437,10054.0,fbs0005
380,5968,1445,10420.44,fbs0005
381,6630,1459,11164.443298969072,fbs0005
382,7495,1442,10050.333333333334,fbs0005
383,9356,1460,10917.746268656716,fbs0005
384,3012,1458,10504.714285714286,fbs0005
385,7494,1447,10133.0,fbs0005
386,7484,1448,10154.0,fbs0005
387,4975,1464,10981.734375,fbs0005
388,7484,1454,10261.57142857143,fbs0005
389,8857,1465,10745.459016393443,fbs0005
390,7495,1453,10117.25,fbs0005
391,4247,1503,11401.817629179332,fbs0005
392,7495,1458,10110.0,fbs0005
393,4981,1501,11149.78735632184,fbs0005
394,7494,1470,10123.0,fbs0005
395,7484,1472,10130.5,fbs0005
396,7930,1487,11039.203125,fbs0005
397,7493,1479,10331.130434782608,fbs0005
398,7483,1479,10359.2,fbs0005
399,8634,1484,10124.0,fbs0005
400,8357,1496,10460.793103448275,fbs0005
401,3419,1535,11316.45035460993,fbs0005
402,7572,1502,10972.901639344262,fbs0005
403,911,1498,10144.5,fbs0005
404,6650,1502,10218.0,fbs0005
405,4070,1557,11421.140142517816,fbs0005
406,910,1506,10071.0,fbs0005
407,3932,1515,10245.0,fbs0005
408,5285,1516,10218.333333333334,fbs0005
409,3932,1523,10359.0,fbs0005
410,7888,1578,11440.734015345268,fbs0005
411,7717,1539,10914.26923076923,fbs0005
412,12,1535,10237.0,fbs0005
413,3935,1536,10025.0,fbs0005
414,11,1542,10235.666666666666,fbs0005
415,5119,1544,10266.2,fbs0005
416,5118,1551,10143.5,fbs0005
417,4199,1606,11689.660952380953,fbs0005
418,5118,1558,10124.666666666666,fbs0005
419,757,1569,10337.625,fbs0005
420,5540,1579,11205.253731343284,fbs0005
421,4216,1618,11451.82131661442,fbs0005
422,5117,1589,11039.12,fbs0005
423,757,1578,10062.0,fbs0005
424,3994,1591,10299.285714285714,fbs0005
425,755,1607,11058.246913580248,fbs0005
426,7368,1643,11499.944444444445,fbs0005
427,944,1593,10083.0,fbs0005
428,2040,1598,10097.5,fbs0005
429,2038,1631,11043.298969072164,fbs0005
430,2954,1651,10947.30588235294,fbs0005
431,1128,1620,10312.166666666666,fbs0005
432,942,1632,10896.157894736842,fbs0005
433,8620,1626,10346.818181818182,fbs0005
434,1424,1626,10224.0,fbs0005
435,8639,1641,10644.07142857143,fbs0005
436,7960,1669,11216.390350877193,fbs0005
437,8620,1634,10097.0,fbs0005
438,8199,1638,10262.4,fbs0005
439,8704,1634,10043.0,fbs0005
440,8620,1638,10008.0,fbs0005
441,8703,1675,11099.311377245509,fbs0005
442,1478,1641,10059.0,fbs0005
443,3951,1681,11005.132183908046,fbs0005
444,1477,1647,10390.111111111111,fbs0005
445,8199,1648,10156.857142857143,fbs0005
446,2168,1647,10104.0,fbs0005
447,8910,1649,10080.0,fbs0005
448,5174,1650,10113.0,fbs0005
449,2165,1692,11376.598513011153,fbs0005
450,8619,1669,10933.014492753624,fbs0005
451,7255,1697,10996.349693251534,fbs0005
452,8198,1680,10950.415584415585,fbs0005
453,2348,1712,11206.994871794872,fbs0005
454,8958,1710,11106.185792349726,fbs0005
455,7120,1690,10745.736842105263,fbs0005
456,8976,1681,10021.0,fbs0005
457,9199,1686,10347.0,fbs0005
458,8011,1729,10527.736842105263,fbs0005
459,3056,1734,10195.4,fbs0005
460,3121,1734,10098.0,fbs0005
461,3056,1742,10047.0,fbs0005
462,7533,1754,10556.518518518518,fbs0005
463,7590,1744,10190.5,fbs0005
464,891,1747,10222.833333333334,fbs0005
465,6496,1787,11049.583815028902,fbs0005
466,7590,1748,10140.6,fbs0005
467,2785,1798,11367.465573770492,fbs0005
468,7590,1753,10333.57142857143,fbs0005
469,891,1754,10033.0,fbs0005
470,5405,1809,11585.95172413793,fbs0005
471,1165,1763,10359.944444444445,fbs0005
472,4905,1756,10034.0,fbs0005
473,3326,1811,11453.503579952267,fbs0005
474,3054,1774,10953.72619047619,fbs0005
475,993,1769,10622.695652173914,fbs0005
476,3105,1806,11495.286419753087,fbs0005
477,6674,1806,11331.982456140351,fbs0005
478,1003,1784,10303.965517241379,fbs0005
479,889,1788,10705.655172413793,fbs0005
480,2570,1775,10102.0,fbs0005
481,7532,1793,11123.329670329671,fbs0005
482,2569,1787,10395.222222222223,fbs0005
483,3812,1832,11398.66066066066,fbs0005
484,69,1823,10916.062937062938,fbs0005
485,6056,1792,10530.6,fbs0005
486,6055,1798,10439.555555555555,fbs0005
487,3283,1812,10492.08695652174,fbs0005
488,6503,1806,10024.0,fbs0005
489,1001,1822,10804.552631578947,fbs0005
490,6503,1815,10073.0,fbs0005
491,9136,1821,10070.0,fbs0005
492,6503,1821,10057.0,fbs0005
493,9235,1832,10379.380952380952,fbs0005
494,5575,1830,10111.0,fbs0005
495,1343,1875,11387.18064516129,fbs0005
496,7602,1845,10395.666666666666,fbs0005
497,6501,1851,10990.75,fbs0005
498,4852,1847,10072.0,fbs0005
499,4399,1863,10641.084745762711,fbs0005
500,8125,1851,10021.0,fbs0005
501,9135,1864,10720.017543859649,fbs0005
502,9235,1855,10019.0,fbs0005
503,8125,1858,10120.333333333334,fbs0005
504,9201,1857,10192.0,fbs0005
505,9234,1872,10874.061224489797,fbs0005
506,7303,1899,11038.527173913044,fbs0005
507,1773,1919,11572.644407345577,fbs0005
508,9046,1919,11239.766666666666,fbs0005
509,7601,1884,10990.704225352112,fbs0005
510,6514,1885,10493.8,fbs0005
511,3591,1891,10641.39534883721,fbs0005
512,6413,1889,10225.875,fbs0005
513,6438,1887,10039.0,fbs0005
514,5750,1901,10228.75,fbs0005
515,5459,1944,11360.93795620438,fbs0005
516,5749,1907,10068.25,fbs0005
517,5749,1913,10246.714285714286,fbs0005
518,6785,1954,11101.367924528302,fbs0005
519,6412,1932,10660.904761904761,fbs0005
520,6498,1983,11589.730891719746,fbs0005
521,8291,1928,10217.09090909091,fbs0005
522,5748,1948,11042.454545454546,fbs0005
523,855,1940,10221.526315789473,fbs0005
524,5102,1950,10782.441176470587,fbs0005
525,8292,1938,10034.0,fbs0005
526,6112,1949,10356.65,fbs0005
527,6648,1942,10355.4,fbs0005
528,1748,1982,11142.134529147983,fbs0005
529,7965,1956,10603.075,fbs0005
530,2936,1950,10273.3,fbs0005
531,6647,1949,10330.125,fbs0005
532,5272,1960,10482.6,fbs0005
533,3535,2019,11665.02625,fbs0005
534,8290,1972,10777.864864864865,fbs0005
535,7877,1973,10789.881355932202,fbs0005
536,854,1978,11007.534246575342,fbs0005
537,5272,1975,10088.0,fbs0005
538,5557,1988,10602.951219512195,fbs0005
539,5270,1997,11065.917525773197,fbs0005
540,6150,2032,11189.23829787234,fbs0005
541,2948,1995,10556.888888888889,fbs0005
542,4246,2005,10727.790697674418,fbs0005
543,2793,1996,10010.0,fbs0005
544,797,2009,10019.0,fbs0005
545,6907,2010,10262.0,fbs0005
546,2915,2013,10057.0,fbs0005
547,796,2018,10380.0,fbs0005
548,2915,2018,10141.25,fbs0005
549,8463,2076,11142.92857142857,fbs0005
550,1485,2039,10025.5,fbs0005
551,2478,2047,10276.066666666668,fbs0005
552,419,2041,10162.25,fbs0005
553,5062,2051,10368.695652173914,fbs0005
554,1483,2085,11195.88655462185,fbs0005
555,7806,2043,10134.5,fbs0005
556,7806,2058,10759.216216216217,fbs0005
557,2913,2061,10730.290322580646,fbs0005
558,967,2101,11430.438650306749,fbs0005
559,3380,2064,10458.967741935483,fbs0005
560,7018,2119,11416.551428571429,fbs0005
561,5061,2087,11078.476635514018,fbs0005
562,2475,2123,11164.222910216718,fbs0005
563,416,2085,10792.292682926829,fbs0005
564,176,2075,10038.0,fbs0005
565,5452,2076,10021.0,fbs0005
566,7805,2096,11143.725,fbs0005
567,2721,2119,11015.521531100478,fbs0005
568,6791,2085,10511.466666666667,fbs0005
569,175,2086,10629.387096774193,fbs0005
570,644,2135,11439.722408026755,fbs0005
571,719,2092,10159.923076923076,fbs0005
572,8652,2099,10049.5,fbs0005
573,6158,2142,11222.428015564203,fbs0005
574,4187,2103,10162.666666666666,fbs0005
575,4186,2115,10513.033333333333,fbs0005
576,717,2127,10975.81690140845,fbs0005
577,7591,2154,11220.654867256637,fbs0005
578,5806,2171,11412.20245398773,fbs0005
579,8651,2141,10786.35294117647,fbs0005
580,861,2130,10168.333333333334,fbs0005
581,4527,2144,10647.814814814816,fbs0005
582,8177,2141,10130.888888888889,fbs0005
583,2071,2146,10431.91304347826,fbs0005
584,4460,2152,10919.216216216217,fbs0005
585,8819,2139,10075.0,fbs0005
586,503,2193,11388.305555555555,fbs0005
587,8818,2150,10528.58064516129,fbs0005
588,8176,2150,10287.0,fbs0005
589,7660,2158,10671.333333333334,fbs0005
590,4232,2152,10032.0,fbs0005
591,822,2172,11024.254237288136,fbs0005
592,5751,2170,10564.83606557377,fbs0005
593,6133,2217,11510.179203539823,fbs0005
594,3330,2170,10271.0,fbs0005
595,3303,2170,10069.5,fbs0005
596,2069,2188,10874.21875,fbs0005
597,3330,2177,10112.666666666666,fbs0005
598,3557,2178,10117.0,fbs0005
599,3302,2185,10487.5,fbs0005
600,3557,2184,10209.0,fbs0005
601,534,2187,10014.5,fbs0005
602,6328,2228,11101.615384615385,fbs0005
603,534,2195,10400.5,fbs0005
604,5827,2197,10030.0,fbs0005
605,8405,2199,10123.666666666666,fbs0005
606,6178,2247,11279.315972222223,fbs0005
607,5827,2201,10142.0,fbs0005
608,7636,2210,10221.272727272728,fbs0005
609,5827,2208,10085.0,fbs0005
610,4736,2218,10313.45,fbs0005
611,8404,2262,11280.632575757576,fbs0005
612,3401,2231,10415.842105263158,fbs0005
613,1238,2293,11885.023121387283,fbs0005
614,3355,2266,11512.279069767443,fbs0005
615,8920,2268,11126.123529411765,fbs0005
616,3580,2233,10072.0,fbs0005
617,5825,2246,10559.81081081081,fbs0005
618,834,2244,10451.692307692309,fbs0005
619,6793,2295,11423.458823529412,fbs0005
620,9222,2248,10168.625,fbs0005
621,1714,2297,11289.885350318471,fbs0005
622,653,2253,10497.0,fbs0005
623,2440,2292,11098.649606299212,fbs0005
624,3397,2330,11432.351311953353,fbs0005
625,1862,2267,10685.222222222223,fbs0005
626,9222,2257,10089.8,fbs0005
627,1662,2257,10050.0,fbs0005
628,854,2317,11428.62124248497,fbs0005
629,5037,2310,11396.829032258065,fbs0005
630,8834,2309,10999.945054945056,fbs0005
631,9221,2289,10906.534482758621,fbs0005
632,2563,2335,11479.055187637969,fbs0005
633,8781,2325,11153.382352941177,fbs0005
634,2102,2363,11656.65873959572,fbs0005
635,8411,2343,11226.904347826086,fbs0005
636,1937,2316,10231.125,fbs0005
637,6674,2323,10729.709090909091,fbs0005
638,2298,2327,10626.340425531915,fbs0005
639,3223,2322,10192.0,fbs0005
640,7747,2339,10150.90909090909,fbs0005
641,6976,2349,10074.2,fbs0005
642,7747,2349,10253.4,fbs0005
643,6975,2361,10563.6,fbs0005
644,6667,2366,10562.64705882353,fbs0005
645,7120,2376,10349.535714285714,fbs0005
646,7746,2381,10954.72602739726,fbs0005
647,5863,2368,10089.0,fbs0005
648,5861,2413,11222.101167315175,fbs0005
649,8485,2383,10439.25925925926,fbs0005
650,3673,2375,10052.0,fbs0005
651,3467,2393,11174.111111111111,fbs0005
652,3672,2379,10151.0,fbs0005
653,6238,2394,10828.83076923077,fbs0005
654,350,2383,10244.0,fbs0005
655,3672,2386,10065.333333333334,fbs0005
656,9132,2390,10098.0,fbs0005
657,8369,2391,10113.0,fbs0005
658,3671,2411,11132.953488372093,fbs0005
659,5431,2435,11368.853211009175,fbs0005
660,9131,2404,10652.25,fbs0005
661,2645,2402,10003.0,fbs0005
662,8546,2407,10474.714285714286,fbs0005
663,347,2428,11191.064,fbs0005
664,2644,2410,10028.5,fbs0005
665,3615,2467,11561.449908925319,fbs0005
666,1347,2429,10751.48275862069,fbs0005
667,8368,2432,10765.260869565218,fbs0005
668,1538,2459,11184.074074074075,fbs0005
669,8765,2477,11356.593984962406,fbs0005
670,3944,2478,11472.753880266075,fbs0005
671,791,2432,10026.2,fbs0005
672,6197,2477,11192.604938271605,fbs0005
673,791,2438,10325.25,fbs0005
674,772,2449,10528.285714285714,fbs0005
675,791,2444,10214.333333333334,fbs0005
676,9230,2495,11251.371165644172,fbs0005
677,4017,2502,11571.89694041868,fbs0005
678,8236,2453,10239.866666666667,fbs0005
679,1305,2458,10831.283018867925,fbs0005
680,3158,2454,10807.65625,fbs0005
681,789,2478,10890.47619047619,fbs0005
682,9146,2467,10310.5,fbs0005
683,2720,2527,11545.80615942029,fbs0005
684,9146,2475,10328.666666666666,fbs0005
685,8235,2493,10878.628571428571,fbs0005
686,5411,2543,11493.820408163265,fbs0005
687,2151,2506,11043.272727272728,fbs0005
688,5975,2505,10825.014925373134,fbs0005
689,8395,2546,11196.11186440678,fbs0005
690,8764,2533,10641.925,fbs0005
691,9262,2560,11035.6,fbs0005
692,5854,2592,11792.401297497683,fbs0005
693,7285,2545,10170.944444444445,fbs0005
694,3206,2547,10169.0,fbs0005
695,3568,2547,10004.0,fbs0005
696,1317,2590,11226.944444444445,fbs0005
697,7550,2550,10049.0,fbs0005
698,3566,2593,11266.467924528302,fbs0005
699,7550,2557,10328.0,fbs0005
700,8518,2559,10055.5,fbs0005
701,9279,2563,10262.666666666666,fbs0005
702,2079,2619,11528.282097649186,fbs0005
703,7550,2565,10010.0,fbs0005
704,3992,2607,11047.165467625899,fbs0005
705,8517,2568,10305.833333333334,fbs0005
706,3204,2591,10628.766666666666,fbs0005
707,7663,2579,10113.75,fbs0005
708,7549,2598,10770.846153846154,fbs0005
709,7661,2627,11159.0,fbs0005
710,2073,2584,10068.0,fbs0005
711,9278,2606,10780.17543859649,fbs0005
712,5758,2610,10379.375,fbs0005
713,6137,2618,10684.072727272727,fbs0005
714,230,2621,10687.754385964912,fbs0005
715,3483,2621,10366.421052631578,fbs0005
716,2331,2668,11553.328542094456,fbs0005
717,4175,2639,10320.5625,fbs0005
718,4795,2675,10886.005405405405,fbs0005
719,3482,2657,10953.123966942148,fbs0005
720,1297,2641,10046.0,fbs0005
721,6611,2698,11503.871635610765,fbs0005
722,1702,2652,10335.625,fbs0005
723,1269,2646,10014.0,fbs0005
724,809,2651,10108.166666666666,fbs0005
725,1269,2652,10150.4,fbs0005
726,5268,2687,11342.678200692042,fbs0005
727,809,2656,10108.5,fbs0005
728,1098,2660,10019.333333333334,fbs0005
729,809,2660,10014.0,fbs0005
730,809,2662,10071.5,fbs0005
731,1098,2664,10179.666666666666,fbs0005
732,1295,2681,10825.0,fbs0005
733,807,2694,10919.217391304348,fbs0005
734,1809,2701,10814.947368421053,fbs0005
735,4415,2687,10128.75,fbs0005
736,9247,2697,10192.692307692309,fbs0005
737,7750,2697,10241.0,fbs0005
738,4414,2695,10221.0,fbs0005
739,6728,2697,10056.0,fbs0005
740,826,2736,11247.689243027888,fbs0005
741,6728,2705,10377.684210526315,fbs0005
742,5379,2713,10521.545454545454,fbs0005
743,9247,2705,10033.0,fbs0005
744,9247,2708,10036.0,fbs0005
745,7870,2750,11135.494565217392,fbs0005
746,5273,2754,11019.133004926109,fbs0005
747,5344,2713,10386.25,fbs0005
748,4572,2714,10154.5,fbs0005
749,1807,2738,11110.851851851852,fbs0005
750,2012,2723,10162.0,fbs0005
751,7854,2772,11328.975609756097,fbs0005
752,7749,2740,10876.1875,fbs0005
753,9246,2738,10831.078431372549,fbs0005
754,2012,2731,10320.333333333334,fbs0005
755,3535,2769,11046.367965367965,fbs0005
756,7126,2747,10453.935483870968,fbs0005
757,2010,2769,10767.615384615385,fbs0005
758,4408,2756,10140.25,fbs0005
759,6368,2805,11265.003773584906,fbs0005
760,4301,2775,10430.820512820514,fbs0005
761,6034,2783,10718.120689655172,fbs0005
762,5825,2789,10944.38202247191,fbs0005
763,6534,2783,10070.0,fbs0005
764,7951,2827,11060.949771689498,fbs0005
765,6534,2790,10153.42857142857,fbs0005
766,48,2791,10042.5,fbs0005
767,48,2798,10012.0,fbs0005
768,6534,2799,10076.333333333334,fbs0005
769,3329,2799,10038.0,fbs0005
770,3328,2807,10175.272727272728,fbs0005
771,1844,2848,11116.808764940239,fbs0005
772,9588,2825,10388.6,fbs0005
773,6532,2831,10806.0,fbs0005
774,6195,2865,11095.737373737375,fbs0005
775,4233,2830,10353.2,fbs0005
776,5003,2873,11224.386503067484,fbs0005
777,1073,2832,10376.0,fbs0005
778,6138,2845,10289.56,fbs0005
779,6462,2864,10870.58510638298,fbs0005
780,9339,2907,11328.924332344213,fbs0005
781,9587,2864,10719.362068965518,fbs0005
782,6889,2850,10043.0,fbs0005
783,5302,2862,10463.714285714286,fbs0005
784,6888,2866,10675.907407407407,fbs0005
785,5707,2870,10674.983870967742,fbs0005
786,6898,2911,11335.412790697674,fbs0005
787,1613,2868,10286.304347826086,fbs0005
788,5358,2908,11016.180505415163,fbs0005
789,6137,2886,10871.144927536232,fbs0005
790,6887,2903,11085.617886178861,fbs0005
791,5300,2901,10955.670212765957,fbs0005
792,3717,2925,11033.700440528635,fbs0005
793,5706,2908,10930.333333333334,fbs0005
794,2036,2909,10489.9375,fbs0005
795,927,2908,10324.90909090909,fbs0005
796,2362,2912,10474.75,fbs0005
797,1259,2914,10451.26923076923,fbs0005
798,2971,2954,11106.959854014598,fbs0005
799,7738,2910,10016.0,fbs0005
800,7737,2926,10689.830188679245,fbs0005
801,600,2928,10576.612903225807,fbs0005
802,4477,2930,10575.297297297297,fbs0005
803,8004,2925,10372.2,fbs0005
804,2036,2924,10109.0,fbs0005
805,8183,2964,10923.597765363129,fbs0005
806,2922,2929,10104.0,fbs0005
807,8004,2935,10239.625,fbs0005
808,2035,2949,10927.2,fbs0005
809,7736,2963,10971.824074074075,fbs0005
810,5075,2944,10090.0,fbs0005
811,8003,2968,10898.34375,fbs0005
812,8325,2986,10405.96,fbs0005
813,6617,3047,11591.599462365592,fbs0005
814,4949,3000,10544.24,fbs0005
815,6999,2996,10333.25,fbs0005
816,8324,3021,11100.232,fbs0005
817,1421,3026,10709.854166666666,fbs0005
818,1518,3064,11015.511737089202,fbs0005
819,5635,3084,11567.422268907563,fbs0005
820,2859,3044,10323.166666666666,fbs0005
821,3187,3042,10041.0,fbs0005
822,7108,3070,10199.75,fbs0005
823,3185,3074,10794.356321839081,fbs0005
824,7289,3067,10318.5,fbs0005
825,6438,3070,10125.5,fbs0005
826,267,3084,10994.333333333334,fbs0005
827,5652,3129,11565.716071428571,fbs0005
828,5299,3093,10844.04938271605,fbs0005
829,6122,3138,11581.031509121061,fbs0005
830,7107,3106,11076.391304347826,fbs0005
831,1541,3098,10702.327586206897,fbs0005
832,2297,3100,10690.01724137931,fbs0005
833,9298,3105,10213.941176470587,fbs0005
834,2945,3105,10179.25,fbs0005
835,4521,3104,10002.0,fbs0005
836,394,3143,11075.041420118343,fbs0005
837,4521,3108,10139.333333333334,fbs0005
838,7027,3165,11518.980810234541,fbs0005
839,2444,3122,10463.20588235294,fbs0005
840,4402,3116,10272.4,fbs0005
841,7771,3130,10038.0,fbs0005
842,4778,3181,11248.870550161811,fbs0005
843,2824,3196,11632.971049457177,fbs0005
844,3510,3211,11615.192771084337,fbs0005
845,781,3157,10143.416666666666,fbs0005
846,442,3167,10356.931034482759,fbs0005
847,2667,3176,10648.0,fbs0005
848,780,3169,10281.777777777777,fbs0005
849,1577,3180,10389.1,fbs0005
850,1894,3181,10354.92,fbs0005
851,4767,3197,10844.346666666666,fbs0005
852,726,3183,10105.333333333334,fbs0005
853,778,3199,11015.171717171717,fbs0005
854,440,3203,11047.091743119267,fbs0005
855,725,3195,10528.529411764706,fbs0005
856,161,3201,10504.136363636364,fbs0005
857,5738,3204,10909.638554216868,fbs0005
858,6454,3198,10363.875,fbs0005
859,2665,3213,11029.253846153846,fbs0005
860,9450,3209,10762.204545454546,fbs0005
861,6453,3237,10913.884615384615,fbs0005
862,9185,3225,10067.0,fbs0005
863,9184,3233,10236.9375,fbs0005
864,6651,3240,10066.0,fbs0005
865,6651,3247,10321.0,fbs0005
866,4949,3247,10265.75,fbs0005
867,1971,3248,10174.0,fbs0005
868,4259,3262,10573.377358490567,fbs0005
869,1971,3265,10957.233644859813,fbs0005
870,4948,3253,10188.5,fbs0005
871,3122,3253,10090.0,fbs0005
872,9018,3322,11673.846880907373,fbs0005
873,3119,3307,11525.470725995316,fbs0005
874,5407,3268,10020.0,fbs0005
875,1186,3273,10006.0,fbs0005
876,5406,3275,10232.714285714286,fbs0005
877,4267,3278,10043.5,fbs0005
878,1590,3320,11113.5,fbs0005
879,4266,3284,10179.888888888889,fbs0005
880,9550,3288,10492.1875,fbs0005
881,638,3297,10928.926470588236,fbs0005
882,5954,3297,10351.916666666666,fbs0005
883,5160,3299,10570.255319148937,fbs0005
884,9108,3297,10489.217391304348,fbs0005
885,4266,3292,10197.833333333334,fbs0005
886,3820,3298,10407.741935483871,fbs0005
887,5147,3308,10416.0,fbs0005
888,5122,3313,10262.47619047619,fbs0005
889,4265,3326,10864.228260869566,fbs0005
890,9107,3336,10922.9625,fbs0005
891,5822,3333,10729.456140350878,fbs0005
892,5352,3333,10456.85294117647,fbs0005
893,5953,3338,10818.068181818182,fbs0005
894,3676,3327,10093.333333333334,fbs0005
895,2387,3332,10136.6,fbs0005
896,3013,3369,11105.569288389514,fbs0005
897,5146,3348,10722.955056179775,fbs0005
898,8698,3333,10029.0,fbs0005
899,2386,3338,10225.0,fbs0005
900,8698,3345,10433.652173913044,fbs0005
901,3442,3349,10474.166666666666,fbs0005
902,2386,3344,10230.25,fbs0005
903,6879,3395,11358.31188118812,fbs0005
904,4046,3362,10882.938775510203,fbs0005
905,178,3394,11093.761904761905,fbs0005
906,5351,3369,10974.048076923076,fbs0005
907,3674,3370,10710.65625,fbs0005
908,2101,3405,11203.033898305084,fbs0005
909,2384,3378,10871.95652173913,fbs0005
910,2958,3369,10386.125,fbs0005
911,6233,3379,10299.2,fbs0005
912,8762,3412,11076.732558139534,fbs0005
913,2783,3404,10419.386363636364,fbs0005
914,3269,3454,11514.691011235955,fbs0005
915,87,3419,10822.566037735849,fbs0005
916,4714,3414,10534.486486486487,fbs0005
917,3365,3407,10074.0,fbs0005
918,3363,3452,11122.473684210527,fbs0005
919,8850,3460,10922.718390804597,fbs0005
920,8866,3443,10952.971014492754,fbs0005
921,5755,3486,11508.959427207637,fbs0005
922,8785,3494,11565.44702467344,fbs0005
923,6333,3442,10051.0,fbs0005
924,6051,3451,10141.333333333334,fbs0005
925,6051,3457,10073.5,fbs0005
926,6851,3500,11271.418326693227,fbs0005
927,2301,3463,10026.0,fbs0005
928,3602,3464,10138.666666666666,fbs0005
929,8132,3481,10907.174311926605,fbs0005
930,2300,3475,10432.07142857143,fbs0005
931,3602,3469,10076.5,fbs0005
932,3601,3479,10475.205128205129,fbs0005
933,1856,3525,11321.96,fbs0005
934,4015,3491,10268.9,fbs0005
935,9083,3561,11433.427734375,fbs0005
936,6118,3545,11018.205128205129,fbs0005
937,3330,3510,10181.818181818182,fbs0005
938,540,3517,10079.0,fbs0005
939,1638,3525,10002.0,fbs0005
940,7147,3527,10144.5,fbs0005
941,7330,3530,11119.5,fbs0005
942,6191,3553,10452.444444444445,fbs0005
943,8072,3543,10290.333333333334,fbs0005
944,4289,3544,10043.5,fbs0005
945,538,3556,10654.771929824561,fbs0005
946,4287,3587,11349.181286549707,fbs0005
947,5172,3612,11576.901569186875,fbs0005
948,7990,3563,10235.575757575758,fbs0005
949,4162,3572,10148.4,fbs0005
950,8071,3584,10518.127272727274,fbs0005
951,1940,3587,11036.5625,fbs0005
952,165,3585,10598.58064516129,fbs0005
953,7989,3599,11115.18699186992,fbs0005
954,6315,3616,11004.257777777777,fbs0005
955,6390,3648,11470.668852459017,fbs0005
956,9199,3621,11057.292207792209,fbs0005
957,5769,3603,10448.833333333334,fbs0005
958,7183,3602,10256.25,fbs0005
959,5581,3619,10477.894736842105,fbs0005
960,5942,3628,10670.065573770491,fbs0005
961,2520,3626,10278.620689655172,fbs0005
962,6737,3620,10036.5,fbs0005
963,5339,3636,10555.404761904761,fbs0005
964,8394,3686,11497.77159309021,fbs0005
965,107,3634,10075.0,fbs0005
966,5049,3644,10162.5,fbs0005
967,8112,3647,10157.2,fbs0005
968,332,3650,10156.5,fbs0005
969,131,3662,10457.972972972973,fbs0005
970,1670,3652,10106.5,fbs0005
971,8112,3658,10572.285714285714,fbs0005
972,1527,3653,10034.75,fbs0005
973,5049,3655,10165.333333333334,fbs0005
974,1526,3664,10329.25,fbs0005
975,5049,3659,10072.5,fbs0005
976,2980,3663,10169.5,fbs0005
977,3097,3671,10238.666666666666,fbs0005
978,3223,3669,10038.5,fbs0005
979,2358,3679,10515.17857142857,fbs0005
980,5047,3688,10984.17117117117,fbs0005
981,4681,3684,10344.088235294117,fbs0005
982,547,3677,10068.0,fbs0005
983,6778,3718,11174.510638297872,fbs0005
984,547,3680,10021.0,fbs0005
985,3097,3681,10155.0,fbs0005
986,129,3699,11006.752808988764,fbs0005
987,547,3685,10217.6,fbs0005
988,1525,3700,10954.949152542373,fbs0005
989,4669,3742,11583.77596439169,fbs0005
990,5536,3738,11396.452722063037,fbs0005
991,4869,3696,10045.0,fbs0005
992,3096,3713,10831.703296703297,fbs0005
993,4869,3708,10390.42857142857,fbs0005
994,4680,3721,10852.895238095238,fbs0005
995,8367,3719,10638.355555555556,fbs0005
996,3221,3715,10204.208333333334,fbs0005
997,1642,3765,11525.547069271759,fbs0005
998,8976,3724,10678.555555555555,fbs0005
999,1575,3716,10153.5,fbs0005
1000,1574,3726,10442.971428571429,fbs0005
1,4797,0,16296.431451151071,fbs0010
2,4480,5,10405.333333333334,fbs0010
3,7761,8,10010.0,fbs0010
4,1185,12,10090.0,fbs0010
5,7761,13,10131.333333333334,fbs0010
6,7761,27,10229.833333333334,fbs0010
7,1184,22,10129.666666666666,fbs0010
8,888,33,10030.0,fbs0010
9,7575,39,10012.0,fbs0010
10,888,42,10319.75,fbs0010
11,1182,56,10731.036585365853,fbs0010
12,7761,47,10124.5,fbs0010
13,7463,60,10209.941176470587,fbs0010
14,7760,67,10474.803921568628,fbs0010
15,4156,60,10230.5,fbs0010
16,3532,74,10417.868421052632,fbs0010
17,4155,68,10337.0,fbs0010
18,1733,78,10535.111111111111,fbs0010
19,5493,80,10034.0,fbs0010
20,3738,81,10175.5,fbs0010
21,5598,84,11250.216216216217,fbs0010
22,7462,101,10501.6,fbs0010
23,3982,104,10223.833333333334,fbs0010
24,3530,118,10667.684210526315,fbs0010
25,5926,162,11120.903930131004,fbs0010
26,745,106,10128.0,fbs0010
27,5553,106,10107.0,fbs0010
28,3981,113,10392.9,fbs0010
29,5552,113,10411.272727272728,fbs0010
30,4119,113,10147.0,fbs0010
31,5707,124,10309.709677419354,fbs0010
32,4784,116,10211.5,fbs0010
33,6569,147,10595.196721311475,fbs0010
34,5707,136,10110.0,fbs0010
35,2056,195,11215.870422535212,fbs0010
36,5706,165,10714.314285714287,fbs0010
37,5758,152,10123.0,fbs0010
38,6816,154,10016.0,fbs0010
39,8267,154,10001.0,fbs0010
40,8267,160,10317.5,fbs0010
41,7389,161,10084.5,fbs0010
42,7389,168,10348.75,fbs0010
43,7388,177,10475.09090909091,fbs0010
44,2952,185,10166.0,fbs0010
45,881,195,10404.366666666667,fbs0010
46,2951,227,10970.712121212122,fbs0010
47,1391,207,10507.125,fbs0010
48,3115,209,10127.0,fbs0010
49,880,214,10055.0,fbs0010
50,3114,217,10375.2,fbs0010
51,879,234,10907.077669902912,fbs0010
52,6509,221,10053.0,fbs0010
53,5683,226,10113.333333333334,fbs0010
54,5683,231,10170.0,fbs0010
55,4833,245,10710.470588235294,fbs0010
56,5683,236,10264.0,fbs0010
57,2580,274,11080.878172588833,fbs0010
58,2297,237,10039.5,fbs0010
59,2879,251,10665.595744680852,fbs0010
60,4553,282,10873.84761904762,fbs0010
61,5683,242,10103.333333333334,fbs0010
62,2297,243,10072.0,fbs0010
63,5000,294,10988.589211618257,fbs0010
64,7425,310,11067.80705882353,fbs0010
65,5682,274,10588.4,fbs0010
66,3318,284,10426.48717948718,fbs0010
67,2295,285,10575.637931034482,fbs0010
68,3687,291,10586.155555555555,fbs0010
69,7256,302,10348.3,fbs0010
70,2471,345,11263.156804733728,fbs0010
71,6812,301,10309.4,fbs0010
72,2411,322,10432.268292682927,fbs0010
73,3686,329,11005.653465346535,fbs0010
74,7255,340,10849.170212765957,fbs0010
75,2410,363,10967.38028169014,fbs0010
76,6291,347,10071.5,fbs0010
77,4040,353,10099.0,fbs0010
78,7683,361,10190.0,fbs0010
79,2064,382,10670.272727272728,fbs0010
80,7740,373,10095.5,fbs0010
81,8370,412,10934.304347826086,fbs0010
82,4097,384,10391.0,fbs0010
83,2684,393,10784.098039215687,fbs0010
84,5524,382,11420.333333333334,fbs0010
85,1043,396,10313.724137931034,fbs0010
86,1072,386,10074.5,fbs0010
87,2653,389,10452.0,fbs0010
88,3221,398,10238.0,fbs0010
89,4097,398,10058.0,fbs0010
90,4779,439,11044.335135135136,fbs0010
91,4626,419,10619.203703703704,fbs0010
92,4497,473,11517.847457627118,fbs0010
93,4095,426,10994.448275862069,fbs0010
94,3197,425,10317.758620689656,fbs0010
95,1041,434,11085.226804123711,fbs0010
96,8614,470,11127.162740899357,fbs0010
97,4667,427,10021.0,fbs0010
98,1430,435,10453.478260869566,fbs0010
99,4667,435,10033.0,fbs0010
100,5765,436,10168.5,fbs0010
101,3197,436,10147.5,fbs0010
102,4666,444,10648.529411764706,fbs0010
103,5765,440,10079.5,fbs0010
104,3196,460,11074.601694915254,fbs0010
105,3327,444,10159.8,fbs0010
106,3325,490,11360.11475409836,fbs0010
107,6869,457,10425.315789473685,fbs0010
108,528,461,10294.0,fbs0010
109,7200,465,10291.0,fbs0010
110,777,477,10488.083333333334,fbs0010
111,5764,481,10926.536231884058,fbs0010
112,526,510,11362.997229916897,fbs0010
113,7215,515,11184.673076923076,fbs0010
114,2558,477,10253.23076923077,fbs0010
115,6302,481,10357.75,fbs0010
116,3633,481,10234.0,fbs0010
117,8533,484,10055.0,fbs0010
118,2558,487,10004.0,fbs0010
119,8532,490,10274.166666666666,fbs0010
120,725,539,11193.080851063829,fbs0010
121,2017,544,11231.063909774437,fbs0010
122,3964,537,11021.46511627907,fbs0010
123,436,532,11278.67857142857,fbs0010
124,9174,545,10978.171511627907,fbs0010
125,2556,521,10763.549019607843,fbs0010
126,7575,525,10331.545454545454,fbs0010
127,7186,528,10173.2,fbs0010
128,4043,539,10662.714285714286,fbs0010
129,5060,537,11862.333333333334,fbs0010
130,7186,536,10475.4,fbs0010
131,1566,548,10541.8125,fbs0010
132,8436,590,10876.810055865923,fbs0010
133,4041,575,11094.247863247863,fbs0010
134,9286,601,11093.646884272997,fbs0010
135,5998,575,10882.653846153846,fbs0010
136,6146,572,10124.0,fbs0010
137,6720,577,10196.5,fbs0010
138,6719,584,10302.625,fbs0010
139,1902,584,10007.0,fbs0010
140,7785,585,10006.0,fbs0010
141,7784,599,10612.122448979591,fbs0010
142,8248,587,10074.0,fbs0010
143,7159,589,10086.666666666666,fbs0010
144,6331,605,10857.305555555555,fbs0010
145,7521,596,10006.0,fbs0010
146,6025,599,10405.0,fbs0010
147,7520,642,11178.098976109215,fbs0010
148,5707,605,10031.0,fbs0010
149,2944,619,10600.255319148937,fbs0010
150,7647,660,11302.962174940898,fbs0010
151,5707,611,10047.5,fbs0010
152,4187,613,10203.5,fbs0010
153,5706,619,10397.857142857143,fbs0010
154,7216,669,11437.678362573099,fbs0010
155,8645,621,10449.0,fbs0010
156,807,620,10366.125,fbs0010
157,4896,622,10449.0,fbs0010
158,1929,680,11470.90813648294,fbs0010
159,6129,643,10617.333333333334,fbs0010
160,6800,638,10222.25,fbs0010
161,3389,645,10274.25,fbs0010
162,5819,644,10138.333333333334,fbs0010
163,9332,655,10514.54,fbs0010
164,5818,688,11257.675373134329,fbs0010
165,6055,650,10219.0,fbs0010
166,8172,658,10403.8,fbs0010
167,469,658,10524.75,fbs0010
168,452,673,10576.0,fbs0010
169,5284,683,10609.71186440678,fbs0010
170,7553,672,10114.0,fbs0010
171,5248,673,10037.0,fbs0010
172,5152,680,10243.0,fbs0010
173,4759,683,10292.0,fbs0010
174,7091,686,10312.0,fbs0010
175,4758,691,10397.5,fbs0010
176,8372,739,11354.800959232614,fbs0010
177,7090,693,10564.888888888889,fbs0010
178,5283,721,10966.663716814159,fbs0010
179,994,716,10357.190476190477,fbs0010
180,799,712,10448.0,fbs0010
181,1067,760,11195.432900432901,fbs0010
182,4233,775,11354.970491803278,fbs0010
183,4946,726,10458.666666666666,fbs0010
184,6262,777,11447.33660933661,fbs0010
185,5533,730,10231.333333333334,fbs0010
186,8074,777,11172.970037453184,fbs0010
187,1653,743,10126.5,fbs0010
188,514,754,10467.60606060606,fbs0010
189,5532,760,11198.485436893205,fbs0010
190,1652,750,10334.0,fbs0010
191,3414,763,10474.790697674418,fbs0010
192,3725,823,11763.457894736843,fbs0010
193,2859,795,11260.213953488372,fbs0010
194,1260,764,10029.0,fbs0010
195,7683,808,11072.725490196079,fbs0010
196,4774,772,10241.818181818182,fbs0010
197,1259,773,10732.357142857143,fbs0010
198,512,794,10962.977011494253,fbs0010
199,6601,781,10035.0,fbs0010
200,5509,832,11224.377682403434,fbs0010
201,9555,807,10380.93023255814,fbs0010
202,7337,804,10748.681818181818,fbs0010
203,4773,814,10817.985294117647,fbs0010
204,1029,813,10437.454545454546,fbs0010
205,6807,809,10072.5,fbs0010
206,3075,859,11278.572438162544,fbs0010
207,897,816,10023.0,fbs0010
208,4138,816,10071.0,fbs0010
209,9138,828,10730.105263157895,fbs0010
210,8134,818,10446.714285714286,fbs0010
211,897,819,10120.0,fbs0010
212,9555,841,10935.236111111111,fbs0010
213,69,823,10154.0,fbs0010
214,4137,825,10451.2,fbs0010
215,68,836,10481.2,fbs0010
216,4915,841,10760.734375,fbs0010
217,5867,829,10275.625,fbs0010
218,9310,831,10032.0,fbs0010
219,7516,840,10562.945945945947,fbs0010
220,1353,846,10269.5,fbs0010
221,895,859,10761.6,fbs0010
222,590,848,10099.666666666666,fbs0010
223,9402,852,10121.0,fbs0010
224,5433,853,10220.0,fbs0010
225,278,903,11371.648902821316,fbs0010
226,1030,866,10755.51282051282,fbs0010
227,9402,858,10028.0,fbs0010
228,3121,884,10518.79411764706,fbs0010
229,9401,892,10887.106382978724,fbs0010
230,6735,891,10431.654545454545,fbs0010
231,146,895,10698.727272727272,fbs0010
232,2725,896,10769.865384615385,fbs0010
233,4098,883,10220.5,fbs0010
234,6961,889,10106.0,fbs0010
235,2600,891,10080.333333333334,fbs0010
236,2599,901,10520.848484848484,fbs0010
237,3529,920,10532.844444444445,fbs0010
238,2311,910,10002.0,fbs0010
239,911,917,10570.5,fbs0010
240,6735,928,11053.465346534653,fbs0010
241,3020,913,10496.5,fbs0010
242,7481,916,10421.333333333334,fbs0010
243,1028,921,10224.727272727272,fbs0010
244,7182,930,10709.101694915254,fbs0010
245,7620,929,10751.418604651162,fbs0010
246,8889,970,11303.238764044943,fbs0010
247,7088,928,10560.84,fbs0010
248,8391,981,11258.890322580644,fbs0010
249,1025,970,11521.385507246378,fbs0010
250,7706,928,10217.0,fbs0010
251,8879,937,10174.0,fbs0010
252,4573,945,10459.9,fbs0010
253,7862,944,10845.5,fbs0010
254,4106,954,10486.73076923077,fbs0010
255,1665,961,10614.727272727272,fbs0010
256,5020,954,10794.0,fbs0010
257,1586,1000,11183.217194570136,fbs0010
258,3593,962,10124.666666666666,fbs0010
259,8878,979,10676.159420289856,fbs0010
260,2108,974,10359.361111111111,fbs0010
261,3593,965,10072.0,fbs0010
262,4587,970,10440.25,fbs0010
263,4787,969,10020.0,fbs0010
264,4571,986,11007.931034482759,fbs0010
265,3592,975,10427.6,fbs0010
266,4787,975,10376.285714285714,fbs0010
267,3070,976,10411.285714285714,fbs0010
268,3607,995,10749.268656716418,fbs0010
269,270,1036,11452.415384615384,fbs0010
270,6945,1023,11557.689903846154,fbs0010
271,3592,984,10075.0,fbs0010
272,8680,994,10450.923076923076,fbs0010
273,3591,1007,11152.94214876033,fbs0010
274,6413,999,10079.0,fbs0010
275,460,1004,10027.5,fbs0010
276,6567,1043,11295.861818181818,fbs0010
277,4299,1006,10208.0,fbs0010
278,1903,1055,11026.133971291865,fbs0010
279,1314,1068,11583.96062992126,fbs0010
280,3636,1033,10611.574468085106,fbs0010
281,5594,1021,10040.5,fbs0010
282,5219,1028,10233.5,fbs0010
283,5593,1028,10430.375,fbs0010
284,6874,1029,10057.5,fbs0010
285,6373,1037,10355.6,fbs0010
286,4546,1046,10474.5,fbs0010
287,7472,1054,10872.060606060606,fbs0010
288,9171,1058,10969.884210526316,fbs0010
289,906,1049,10462.0,fbs0010
290,4019,1089,11236.348837209302,fbs0010
291,6873,1074,10787.216666666667,fbs0010
292,2128,1079,11091.85294117647,fbs0010
293,169,1073,10057.0,fbs0010
294,168,1079,10203.5,fbs0010
295,1372,1124,11204.12676056338,fbs0010
296,1596,1103,10687.483333333334,fbs0010
297,5125,1098,10890.07142857143,fbs0010
298,3077,1110,10293.179487179486,fbs0010
299,5322,1102,10436.8,fbs0010
300,714,1146,11233.23076923077,fbs0010
301,166,1122,10636.410714285714,fbs0010
302,6420,1108,10134.0,fbs0010
303,5471,1119,10251.555555555555,fbs0010
304,6933,1131,10491.083333333334,fbs0010
305,6128,1124,10273.0,fbs0010
306,5471,1128,10472.5,fbs0010
307,6359,1136,10120.0,fbs0010
308,4476,1188,11497.6312849162,fbs0010
309,136,1141,10266.5,fbs0010
310,6359,1141,10364.125,fbs0010
311,6247,1142,10046.0,fbs0010
312,7752,1145,10170.2,fbs0010
313,135,1155,10711.435897435897,fbs0010
314,6227,1157,10298.28947368421,fbs0010
315,7968,1148,10201.0,fbs0010
316,7991,1151,10422.0,fbs0010
317,6247,1152,10463.0,fbs0010
318,7106,1152,10468.0,fbs0010
319,7752,1153,10544.461538461539,fbs0010
320,7007,1161,10179.444444444445,fbs0010
321,3613,1160,10099.0,fbs0010
322,2678,1219,11713.564393939394,fbs0010
323,8919,1220,11510.155234657039,fbs0010
324,6226,1192,11275.333333333334,fbs0010
325,5170,1220,11167.479338842975,fbs0010
326,1796,1178,10340.166666666666,fbs0010
327,8277,1183,10135.0,fbs0010
328,3612,1201,10837.5625,fbs0010
329,8277,1195,10652.264705882353,fbs0010
330,8465,1189,10313.8,fbs0010
331,6830,1191,10313.0,fbs0010
332,4634,1245,11439.637055837564,fbs0010
333,7006,1207,10604.291666666666,fbs0010
334,736,1199,10387.666666666666,fbs0010
335,2157,1216,11260.266129032258,fbs0010
336,318,1205,10299.333333333334,fbs0010
337,318,1213,10107.333333333334,fbs0010
338,3340,1209,10022.0,fbs0010
339,3453,1211,10108.0,fbs0010
340,3339,1217,10229.846153846154,fbs0010
341,7700,1222,10423.56,fbs0010
342,1651,1219,10312.666666666666,fbs0010
343,3842,1228,10574.176470588236,fbs0010
344,1650,1227,10449.111111111111,fbs0010
345,2696,1275,11411.012658227848,fbs0010
346,316,1249,10969.0,fbs0010
347,7283,1236,10309.0,fbs0010
348,1099,1238,10734.0,fbs0010
349,7283,1243,10541.23076923077,fbs0010
350,3338,1256,10761.18309859155,fbs0010
351,3553,1263,10566.470588235294,fbs0010
352,6166,1253,10030.0,fbs0010
353,6166,1256,10274.5,fbs0010
354,8503,1255,10074.0,fbs0010
355,1826,1257,10170.0,fbs0010
356,5224,1262,10076.75,fbs0010
357,6166,1263,10276.545454545454,fbs0010
358,8502,1269,10744.3125,fbs0010
359,1811,1313,11405.626623376624,fbs0010
360,6498,1322,11561.221238938053,fbs0010
361,106,1288,10702.26923076923,fbs0010
362,1647,1278,10481.25,fbs0010
363,5338,1279,10006.0,fbs0010
364,5720,1282,10018.0,fbs0010
365,2317,1293,10021.0,fbs0010
366,5840,1304,10485.941176470587,fbs0010
367,2910,1298,10358.5,fbs0010
368,1905,1310,10479.228571428572,fbs0010
369,5108,1344,11290.860544217687,fbs0010
370,2273,1345,11141.176165803108,fbs0010
371,7802,1321,10546.522727272728,fbs0010
372,5719,1323,10783.952380952382,fbs0010
373,104,1328,10959.731182795698,fbs0010
374,2361,1352,10981.101694915254,fbs0010
375,4162,1313,10481.0,fbs0010
376,1922,1322,10391.64,fbs0010
377,171,1316,10038.0,fbs0010
378,170,1329,10408.944444444445,fbs0010
379,5413,1335,10233.2,fbs0010
380,1903,1350,10994.951219512195,fbs0010
381,2961,1336,10140.888888888889,fbs0010
382,3516,1335,10321.0,fbs0010
383,4044,1340,10457.181818181818,fbs0010
384,8366,1338,10053.0,fbs0010
385,168,1362,11262.284615384615,fbs0010
386,5412,1346,10228.454545454546,fbs0010
387,2961,1343,10600.9,fbs0010
388,232,1351,10465.142857142857,fbs0010
389,1921,1362,10943.621621621622,fbs0010
390,3571,1348,10056.0,fbs0010
391,986,1405,11619.696098562628,fbs0010
392,4280,1395,10996.8995215311,fbs0010
393,3091,1357,10086.5,fbs0010
394,8027,1404,11131.858870967742,fbs0010
395,5238,1361,10001.0,fbs0010
396,4719,1362,10120.0,fbs0010
397,5411,1380,11109.548076923076,fbs0010
398,4072,1368,10176.5,fbs0010
399,2030,1382,10540.28947368421,fbs0010
400,4071,1375,10464.75,fbs0010
401,6768,1377,10271.0,fbs0010
402,5654,1389,10285.833333333334,fbs0010
403,7378,1383,10229.888888888889,fbs0010
404,6625,1388,10232.0,fbs0010
405,7378,1390,10634.454545454546,fbs0010
406,3445,1389,10235.5,fbs0010
407,1803,1399,10756.605263157895,fbs0010
408,5236,1405,10981.675675675675,fbs0010
409,198,1409,10924.180555555555,fbs0010
410,8520,1403,10191.4,fbs0010
411,6713,1406,10100.0,fbs0010
412,654,1408,10120.5,fbs0010
413,5653,1426,11060.701923076924,fbs0010
414,3380,1417,10586.588235294117,fbs0010
415,7709,1421,10647.212765957447,fbs0010
416,1204,1462,11493.482191780822,fbs0010
417,8520,1412,10156.0,fbs0010
418,653,1420,10588.947368421053,fbs0010
419,6136,1414,10183.0,fbs0010
420,3127,1424,10818.214285714286,fbs0010
421,7226,1433,10797.379746835442,fbs0010
422,7288,1420,10149.5,fbs0010
423,5458,1423,10385.4,fbs0010
424,2597,1424,10289.0,fbs0010
425,4672,1425,10415.0,fbs0010
426,7288,1432,10604.225,fbs0010
427,8519,1445,10931.941860465116,fbs0010
428,6374,1432,10226.5,fbs0010
429,6214,1434,10521.125,fbs0010
430,7708,1459,11139.943396226416,fbs0010
431,2110,1491,11452.206989247312,fbs0010
432,199,1446,10045.0,fbs0010
433,1308,1445,10019.0,fbs0010
434,1306,1494,11364.42987804878,fbs0010
435,3294,1460,10565.509803921568,fbs0010
436,199,1456,10207.266666666666,fbs0010
437,2433,1457,10512.828571428572,fbs0010
438,5801,1457,10225.2,fbs0010
439,314,1457,10142.5,fbs0010
440,341,1462,10079.0,fbs0010
441,4671,1475,10883.219512195123,fbs0010
442,9248,1473,10776.545454545454,fbs0010
443,339,1503,11015.549019607843,fbs0010
444,498,1466,10088.0,fbs0010
445,1502,1467,10055.0,fbs0010
446,1501,1482,10546.244897959185,fbs0010
447,4253,1480,10494.073170731708,fbs0010
448,198,1473,10010.5,fbs0010
449,3875,1477,10347.833333333334,fbs0010
450,197,1493,11124.378378378378,fbs0010
451,5050,1476,10037.0,fbs0010
452,5048,1521,11210.679611650485,fbs0010
453,3293,1497,11085.384615384615,fbs0010
454,724,1488,10428.782608695652,fbs0010
455,3874,1490,10708.552631578947,fbs0010
456,6635,1484,10326.0,fbs0010
457,3498,1488,10135.6,fbs0010
458,4440,1546,11648.073619631901,fbs0010
459,5554,1491,10119.0,fbs0010
460,3498,1494,10472.916666666666,fbs0010
461,3652,1497,10728.625,fbs0010
462,5554,1498,10138.333333333334,fbs0010
463,4252,1518,10999.68085106383,fbs0010
464,3209,1561,11803.957123098202,fbs0010
465,3651,1511,10187.75,fbs0010
466,6989,1546,11258.97265625,fbs0010
467,6524,1510,10133.0,fbs0010
468,514,1524,10787.948275862069,fbs0010
469,727,1520,10630.17857142857,fbs0010
470,6122,1576,11839.71008028546,fbs0010
471,8815,1514,10308.5,fbs0010
472,1098,1515,10371.666666666666,fbs0010
473,3651,1517,10524.923076923076,fbs0010
474,5220,1555,11192.210762331839,fbs0010
475,455,1557,11099.7461928934,fbs0010
476,5155,1533,10525.46511627907,fbs0010
477,5552,1538,10932.61038961039,fbs0010
478,7279,1530,10320.611111111111,fbs0010
479,7916,1545,10402.292682926829,fbs0010
480,9482,1544,10489.791666666666,fbs0010
481,1500,1545,10059.0,fbs0010
482,1097,1548,10331.666666666666,fbs0010
483,1500,1550,10392.75,fbs0010
484,2747,1564,10690.9375,fbs0010
485,4157,1551,10106.0,fbs0010
486,5156,1573,10759.621794871795,fbs0010
487,6062,1566,10589.04255319149,fbs0010
488,4156,1559,10415.8,fbs0010
489,2446,1560,10237.0,fbs0010
490,6145,1572,10854.688524590163,fbs0010
491,9462,1561,10251.833333333334,fbs0010
492,6559,1562,10134.5,fbs0010
493,7915,1582,11142.97247706422,fbs0010
494,4704,1570,10436.714285714286,fbs0010
495,5786,1563,10003.0,fbs0010
496,5786,1566,10195.25,fbs0010
497,6559,1569,10103.0,fbs0010
498,3996,1571,10265.2,fbs0010
499,9462,1569,10071.0,fbs0010
500,2680,1637,11911.811989100817,fbs0010
501,1679,1581,10482.375,fbs0010
502,2611,1626,11437.011904761905,fbs0010
503,4155,1581,10385.142857142857,fbs0010
504,3442,1582,10118.0,fbs0010
505,469,1587,10131.2,fbs0010
506,9461,1602,10725.087719298246,fbs0010
507,2827,1595,10643.24,fbs0010
508,469,1593,10188.0,fbs0010
509,5784,1606,10956.088607594937,fbs0010
510,5240,1607,10453.264705882353,fbs0010
511,5674,1611,11213.039603960397,fbs0010
512,5352,1597,10325.0,fbs0010
513,4898,1647,11396.42042042042,fbs0010
514,7435,1637,11016.830917874397,fbs0010
515,6558,1611,10252.0,fbs0010
516,9088,1612,10184.57142857143,fbs0010
517,9088,1619,10614.1,fbs0010
518,285,1619,10391.5,fbs0010
519,898,1629,10678.829268292682,fbs0010
520,6557,1620,10222.75,fbs0010
521,466,1635,10788.372093023256,fbs0010
522,8724,1630,10538.857142857143,fbs0010
523,1675,1644,10672.722222222223,fbs0010
524,5059,1701,11900.605392156862,fbs0010
525,6257,1678,11409.840255591054,fbs0010
526,503,1681,11090.897590361446,fbs0010
527,7003,1652,10421.481481481482,fbs0010
528,6123,1646,10014.0,fbs0010
529,8506,1659,10890.117647058823,fbs0010
530,7915,1701,11509.606786427146,fbs0010
531,4185,1704,11694.30720338983,fbs0010
532,4516,1657,10404.57142857143,fbs0010
533,6123,1656,10243.555555555555,fbs0010
534,8466,1667,11044.479166666666,fbs0010
535,1410,1655,10157.5,fbs0010
536,352,1662,10478.90909090909,fbs0010
537,2788,1698,11215.025252525253,fbs0010
538,382,1666,10136.333333333334,fbs0010
539,6122,1687,11142.382608695652,fbs0010
540,4335,1673,10018.0,fbs0010
541,1191,1678,11006.4,fbs0010
542,6003,1699,10753.551724137931,fbs0010
543,1475,1740,11613.959915611815,fbs0010
544,8255,1690,10272.4,fbs0010
545,5043,1691,10173.666666666666,fbs0010
546,9230,1691,10157.333333333334,fbs0010
547,1803,1693,10300.2,fbs0010
548,9230,1706,10723.340425531915,fbs0010
549,8001,1702,10293.142857142857,fbs0010
550,6515,1705,10306.0,fbs0010
551,1623,1759,11635.784974093263,fbs0010
552,888,1714,10094.5,fbs0010
553,7855,1717,10260.75,fbs0010
554,887,1725,10358.444444444445,fbs0010
555,2596,1736,10758.40579710145,fbs0010
556,6282,1727,10366.25,fbs0010
557,1790,1728,10080.5,fbs0010
558,6014,1730,10572.0,fbs0010
559,4370,1734,10257.666666666666,fbs0010
560,1788,1777,11282.121739130434,fbs0010
561,7472,1736,10032.0,fbs0010
562,342,1777,11185.161904761904,fbs0010
563,7472,1741,10184.333333333334,fbs0010
564,5652,1743,10146.4,fbs0010
565,885,1761,11155.738738738739,fbs0010
566,7471,1746,10342.714285714286,fbs0010
567,5651,1750,10357.0,fbs0010
568,1636,1790,11070.055,fbs0010
569,7389,1749,10188.0,fbs0010
570,3514,1752,10124.0,fbs0010
571,4487,1757,10300.555555555555,fbs0010
572,5951,1792,11009.263473053892,fbs0010
573,3514,1763,10572.962962962964,fbs0010
574,9598,1759,10035.0,fbs0010
575,930,1766,10236.6,fbs0010
576,9597,1805,11147.028938906753,fbs0010
577,603,1825,11758.273684210526,fbs0010
578,4543,1777,10162.5,fbs0010
579,1375,1819,11455.958490566038,fbs0010
580,9537,1791,10049.0,fbs0010
581,519,1804,10628.648648648648,fbs0010
582,7049,1800,10221.333333333334,fbs0010
583,1828,1798,10293.0,fbs0010
584,5869,1808,10516.690476190477,fbs0010
585,4542,1799,10059.0,fbs0010
586,8598,1817,10941.6625,fbs0010
587,2358,1803,10266.0,fbs0010
588,9245,1804,10063.5,fbs0010
589,7716,1806,10185.5,fbs0010
590,8392,1819,10995.90322580645,fbs0010
591,9244,1817,10625.439024390244,fbs0010
592,4541,1816,10361.470588235294,fbs0010
593,7049,1810,10296.0,fbs0010
594,7715,1851,11456.079310344827,fbs0010
595,2762,1837,11101.26923076923,fbs0010
596,5869,1824,10019.0,fbs0010
597,7586,1867,11217.9,fbs0010
598,5868,1845,11135.424242424242,fbs0010
599,9383,1876,11238.664285714285,fbs0010
600,7048,1844,10980.078947368422,fbs0010
601,5928,1835,10152.0,fbs0010
602,9008,1850,10480.896551724138,fbs0010
603,931,1844,10015.0,fbs0010
604,929,1861,10723.39393939394,fbs0010
605,4854,1861,10671.457627118643,fbs0010
606,5486,1853,10621.846153846154,fbs0010
607,1574,1854,10325.4,fbs0010
608,7845,1868,10458.818181818182,fbs0010
609,3043,1921,11156.734939759037,fbs0010
610,5345,1911,11198.231958762886,fbs0010
611,830,1878,10331.235294117647,fbs0010
612,3676,1886,10482.863636363636,fbs0010
613,928,1901,11120.168224299065,fbs0010
614,766,1883,10303.5,fbs0010
615,2523,1890,10363.565217391304,fbs0010
616,7667,1886,10013.0,fbs0010
617,3421,1891,10195.555555555555,fbs0010
618,7667,1889,10039.5,fbs0010
619,7844,1909,10831.394736842105,fbs0010
620,1207,1946,11427.873786407767,fbs0010
621,3177,1898,10142.166666666666,fbs0010
622,6806,1943,11131.773869346735,fbs0010
623,1307,1904,10490.0,fbs0010
624,3420,1923,11352.11304347826,fbs0010
625,8107,1943,11415.491166077738,fbs0010
626,355,1915,10585.238095238095,fbs0010
627,9229,1908,10389.125,fbs0010
628,8163,1918,10413.0,fbs0010
629,8739,1924,10617.947368421053,fbs0010
630,3675,1926,10790.775,fbs0010
631,7666,1930,10814.380952380952,fbs0010
632,6197,1935,10935.253333333334,fbs0010
633,8293,1925,10370.952380952382,fbs0010
634,4431,1929,10418.173913043478,fbs0010
635,6882,1938,10633.980392156862,fbs0010
636,6947,1983,11525.154488517745,fbs0010
637,2122,1932,10208.857142857143,fbs0010
638,5504,1933,10395.25,fbs0010
639,2122,1940,10718.333333333334,fbs0010
640,6615,1942,10151.0,fbs0010
641,8163,1957,10971.329268292682,fbs0010
642,1570,1957,10549.722222222223,fbs0010
643,2721,1957,10030.666666666666,fbs0010
644,2368,1961,10121.2,fbs0010
645,1340,1960,10460.0,fbs0010
646,2721,1967,10511.258064516129,fbs0010
647,2427,1963,10073.666666666666,fbs0010
648,2367,1974,10765.45,fbs0010
649,1256,1967,10542.642857142857,fbs0010
650,367,1977,10070.0,fbs0010
651,7092,1978,10030.5,fbs0010
652,6035,1981,10263.0,fbs0010
653,1866,1984,10451.4,fbs0010
654,2925,2003,10705.4375,fbs0010
655,6745,2046,11722.866979655711,fbs0010
656,1439,2005,10534.675675675675,fbs0010
657,8139,2051,11742.82108183079,fbs0010
658,4138,1995,10026.0,fbs0010
659,4137,2006,10397.826086956522,fbs0010
660,8401,1998,10164.5,fbs0010
661,8401,2004,10041.5,fbs0010
662,8400,2013,10542.772727272728,fbs0010
663,1864,2019,10282.035714285714,fbs0010
664,7091,2022,10672.833333333334,fbs0010
665,6673,2065,11474.306172839506,fbs0010
666,4962,2029,10649.039215686274,fbs0010
667,3760,2019,10632.0,fbs0010
668,4136,2041,11203.850393700788,fbs0010
669,7121,2037,11063.506024096385,fbs0010
670,1851,2026,10501.8,fbs0010
671,4160,2039,10591.216216216217,fbs0010
672,4401,2062,11225.807860262008,fbs0010
673,1438,2043,11022.929411764706,fbs0010
674,9464,2027,10056.5,fbs0010
675,220,2039,10394.363636363636,fbs0010
676,2632,2043,10668.12962962963,fbs0010
677,6343,2032,10170.666666666666,fbs0010
678,833,2036,10330.7,fbs0010
679,9239,2035,10046.5,fbs0010
680,5680,2086,11468.041666666666,fbs0010
681,2944,2053,11031.448717948719,fbs0010
682,2965,2041,10083.0,fbs0010
683,258,2119,11590.180154142581,fbs0010
684,1863,2058,10841.46052631579,fbs0010
685,833,2045,10278.0,fbs0010
686,4962,2045,10011.0,fbs0010
687,2964,2047,10182.833333333334,fbs0010
688,9354,2048,10334.125,fbs0010
689,4961,2065,11177.191304347825,fbs0010
690,4986,2051,10625.0,fbs0010
691,220,2054,10017.0,fbs0010
692,1397,2057,10339.125,fbs0010
693,4158,2077,11008.756756756757,fbs0010
694,7687,2061,10370.5,fbs0010
695,218,2078,11017.923809523809,fbs0010
696,831,2079,11011.107692307693,fbs0010
697,2685,2104,11173.393518518518,fbs0010
698,3901,2080,11004.75,fbs0010
699,6601,2073,10423.458333333334,fbs0010
700,6106,2069,10495.0,fbs0010
701,9320,2084,10788.638888888889,fbs0010
702,4613,2112,11630.138504155124,fbs0010
703,4074,2089,10714.137254901962,fbs0010
704,7068,2080,10372.875,fbs0010
705,6061,2094,10329.541666666666,fbs0010
706,8094,2094,10493.9,fbs0010
707,4746,2093,10114.0,fbs0010
708,3802,2097,10280.5,fbs0010
709,526,2108,10370.945945945947,fbs0010
710,4745,2107,10492.171428571428,fbs0010
711,6728,2101,10193.09090909091,fbs0010
712,2871,2147,11196.58091286307,fbs0010
713,1122,2110,10392.782608695652,fbs0010
714,2519,2149,11196.160714285714,fbs0010
715,6752,2118,10776.61971830986,fbs0010
716,6728,2110,10427.0,fbs0010
717,1922,2109,10666.2,fbs0010
718,1363,2117,10605.866666666667,fbs0010
719,5688,2117,10507.5,fbs0010
720,540,2122,10494.965517241379,fbs0010
721,6060,2133,11074.864583333334,fbs0010
722,6274,2119,10036.6,fbs0010
723,5889,2132,10590.102564102564,fbs0010
724,6274,2125,10368.8,fbs0010
725,524,2145,11181.401709401709,fbs0010
726,7166,2129,10333.857142857143,fbs0010
727,4470,2170,11423.773381294965,fbs0010
728,2215,2133,10515.0,fbs0010
729,3671,2140,10267.952380952382,fbs0010
730,8599,2147,10882.825396825398,fbs0010
731,1379,2135,10151.0,fbs0010
732,6335,2149,10700.509433962265,fbs0010
733,2725,2139,11120.285714285714,fbs0010
734,8438,2156,10819.269662921348,fbs0010
735,2088,2142,10141.0,fbs0010
736,2087,2148,10234.333333333334,fbs0010
737,3203,2150,10228.0,fbs0010
738,8071,2149,10212.666666666666,fbs0010
739,538,2165,10371.5,fbs0010
740,3940,2159,10096.5,fbs0010
741,8044,2173,10609.298245614034,fbs0010
742,4766,2211,11353.617449664429,fbs0010
743,8790,2176,10836.88,fbs0010
744,7947,2165,10554.0,fbs0010
745,3039,2169,10213.4,fbs0010
746,3939,2173,10325.64,fbs0010
747,3467,2183,10532.35,fbs0010
748,2385,2185,10197.6,fbs0010
749,4489,2185,10090.0,fbs0010
750,4028,2188,10034.0,fbs0010
751,7416,2197,10097.75,fbs0010
752,3466,2218,11298.441860465116,fbs0010
753,1601,2207,10457.538461538461,fbs0010
754,7416,2203,10461.4,fbs0010
755,8647,2213,10359.432432432432,fbs0010
756,8156,2211,10541.26923076923,fbs0010
757,3590,2207,10132.666666666666,fbs0010
758,5892,2222,11106.761904761905,fbs0010
759,2716,2209,10057.0,fbs0010
760,3589,2214,10453.90909090909,fbs0010
761,2715,2219,10393.5,fbs0010
762,1328,2257,11235.522167487685,fbs0010
763,225,2222,10101.75,fbs0010
764,5041,2221,11103.0,fbs0010
765,7031,2262,11052.296511627907,fbs0010
766,6723,2229,10316.666666666666,fbs0010
767,8257,2229,10076.0,fbs0010
768,8646,2251,10921.023529411765,fbs0010
769,5354,2276,11119.855895196506,fbs0010
770,2026,2238,10128.0,fbs0010
771,1612,2288,10957.835227272728,fbs0010
772,4384,2249,10086.0,fbs0010
773,223,2266,10771.957142857143,fbs0010
774,1291,2252,10254.6,fbs0010
775,4061,2261,10408.074074074075,fbs0010
776,4995,2300,11223.875968992248,fbs0010
777,1595,2268,10316.833333333334,fbs0010
778,7535,2313,11614.33752620545,fbs0010
779,5545,2271,10226.0,fbs0010
780,3157,2266,10258.166666666666,fbs0010
781,8684,2268,10003.0,fbs0010
782,9110,2306,11064.434579439252,fbs0010
783,6433,2273,10079.5,fbs0010
784,8684,2276,10150.2,fbs0010
785,6013,2334,11741.698315467074,fbs0010
786,6432,2284,10551.931034482759,fbs0010
787,6100,2279,10013.0,fbs0010
788,8684,2281,10016.0,fbs0010
789,6099,2283,10142.25,fbs0010
790,4823,2285,10161.25,fbs0010
791,6099,2288,10122.0,fbs0010
792,9011,2288,10079.666666666666,fbs0010
793,5544,2309,11068.741176470588,fbs0010
794,9010,2334,11467.933333333332,fbs0010
795,6595,2332,11150.224598930481,fbs0010
796,2708,2296,10027.0,fbs0010
797,8378,2298,10368.0,fbs0010
798,2706,2344,11213.096385542169,fbs0010
799,5779,2340,11344.115523465704,fbs0010
800,8683,2317,10810.694444444445,fbs0010
801,6098,2319,11103.705263157895,fbs0010
802,5296,2358,11633.42802303263,fbs0010
803,6066,2305,10165.0,fbs0010
804,4379,2319,10804.589743589744,fbs0010
805,6066,2312,10475.92857142857,fbs0010
806,2998,2323,10546.895833333334,fbs0010
807,9387,2325,10645.346153846154,fbs0010
808,8356,2316,10327.75,fbs0010
809,4099,2358,11367.090579710144,fbs0010
810,3502,2321,10101.0,fbs0010
811,5118,2331,10396.09090909091,fbs0010
812,6510,2374,11065.4898989899,fbs0010
813,2319,2354,10577.08695652174,fbs0010
814,6421,2345,10166.857142857143,fbs0010
815,1603,2345,10073.0,fbs0010
816,2997,2362,10879.414285714285,fbs0010
817,3960,2354,10493.576923076924,fbs0010
818,6420,2357,10441.34375,fbs0010
819,4270,2353,11360.823529411764,fbs0010
820,1602,2355,10395.666666666666,fbs0010
821,3216,2421,11921.662790697674,fbs0010
822,6370,2364,10248.0,fbs0010
823,6370,2369,10023.0,fbs0010
824,6947,2370,10083.0,fbs0010
825,9120,2378,10470.5,fbs0010
826,215,2385,10012.0,fbs0010
827,6369,2406,10960.157142857142,fbs0010
828,7894,2397,10619.583333333334,fbs0010
829,4072,2413,10279.142857142857,fbs0010
830,1187,2404,10334.0,fbs0010
831,6469,2456,11552.348894348894,fbs0010
832,213,2424,10855.35593220339,fbs0010
833,2147,2414,10154.166666666666,fbs0010
834,1952,2419,10350.333333333334,fbs0010
835,2147,2421,10485.416666666666,fbs0010
836,5694,2419,10122.0,fbs0010
837,9312,2433,10569.837209302326,fbs0010
838,5694,2432,10469.612903225807,fbs0010
839,4072,2427,10181.25,fbs0010
840,4071,2448,11194.02479338843,fbs0010
841,7504,2432,10056.0,fbs0010
842,8821,2433,10038.0,fbs0010
843,8821,2447,10501.088235294117,fbs0010
844,3200,2474,11252.76793248945,fbs0010
845,7503,2444,10612.39393939394,fbs0010
846,6344,2443,10162.25,fbs0010
847,4568,2448,10018.0,fbs0010
848,120,2451,10138.5,fbs0010
849,724,2497,11339.98775510204,fbs0010
850,4566,2481,11089.622448979591,fbs0010
851,8054,2466,10380.0,fbs0010
852,8820,2485,11108.472727272727,fbs0010
853,2530,2467,10061.0,fbs0010
854,2530,2471,10175.25,fbs0010
855,5314,2483,10518.044444444444,fbs0010
856,210,2515,11294.642857142857,fbs0010
857,2529,2479,10502.2,fbs0010
858,5222,2537,11635.698324022347,fbs0010
859,3025,2486,10010.0,fbs0010
860,3025,2490,10112.0,fbs0010
861,3024,2493,10075.0,fbs0010
862,8338,2505,10379.225806451614,fbs0010
863,3024,2500,10366.583333333334,fbs0010
864,869,2499,10051.5,fbs0010
865,317,2501,10354.0,fbs0010
866,47,2503,11558.4,fbs0010
867,1495,2502,10113.0,fbs0010
868,6439,2503,10484.0,fbs0010
869,869,2506,10263.5,fbs0010
870,4009,2561,11609.764018691589,fbs0010
871,1494,2511,10255.75,fbs0010
872,3474,2518,10363.368421052632,fbs0010
873,3023,2532,11090.614678899083,fbs0010
874,6778,2517,10293.6,fbs0010
875,5467,2575,11686.089201877934,fbs0010
876,381,2526,10093.75,fbs0010
877,8338,2543,11006.15,fbs0010
878,380,2531,10226.0,fbs0010
879,6613,2570,11057.93427230047,fbs0010
880,2050,2534,10067.5,fbs0010
881,7,2589,11045.007772020725,fbs0010
882,380,2537,10654.222222222223,fbs0010
883,4864,2551,10631.9,fbs0010
884,2049,2542,10348.4,fbs0010
885,5535,2554,10440.17857142857,fbs0010
886,1193,2550,10408.111111111111,fbs0010
887,1691,2561,10724.283333333333,fbs0010
888,7874,2559,10582.0,fbs0010
889,9177,2550,10142.333333333334,fbs0010
890,1703,2595,11086.93137254902,fbs0010
891,4997,2567,10714.115384615385,fbs0010
892,8519,2558,10337.5,fbs0010
893,6947,2562,10411.111111111111,fbs0010
894,909,2572,10455.565217391304,fbs0010
895,6267,2565,10112.333333333334,fbs0010
896,6266,2579,10612.378378378378,fbs0010
897,6626,2580,10366.59090909091,fbs0010
898,465,2578,10308.29411764706,fbs0010
899,7747,2619,11300.53947368421,fbs0010
900,4871,2576,11465.142857142857,fbs0010
901,7873,2596,11158.833333333334,fbs0010
902,5186,2578,10305.57142857143,fbs0010
903,9176,2592,10835.194805194806,fbs0010
904,3830,2582,10598.25,fbs0010
905,4448,2588,10742.111111111111,fbs0010
906,2349,2590,10965.0,fbs0010
907,2748,2594,10236.0,fbs0010
908,5345,2632,11105.394495412844,fbs0010
909,8204,2595,10159.5,fbs0010
910,1046,2597,10651.5,fbs0010
911,3961,2605,10478.192307692309,fbs0010
912,6625,2617,11127.546218487394,fbs0010
913,8204,2602,10409.416666666666,fbs0010
914,2499,2652,11597.42259414226,fbs0010
915,2748,2602,10129.2,fbs0010
916,7784,2609,10640.42857142857,fbs0010
917,7100,2604,10671.5,fbs0010
918,1718,2622,10899.46,fbs0010
919,1837,2614,10016.0,fbs0010
920,7735,2617,10059.0,fbs0010
921,1834,2663,11394.231034482758,fbs0010
922,577,2633,10650.85,fbs0010
923,2746,2637,10829.363636363636,fbs0010
924,6814,2675,11505.898345153664,fbs0010
925,2411,2673,11325.03,fbs0010
926,6693,2639,11017.559523809523,fbs0010
927,2052,2633,10365.555555555555,fbs0010
928,3026,2667,11136.828877005348,fbs0010
929,4275,2631,10064.0,fbs0010
930,3327,2641,10315.758620689656,fbs0010
931,4092,2680,11244.035019455252,fbs0010
932,404,2647,10120.714285714286,fbs0010
933,403,2660,10623.638888888889,fbs0010
934,1790,2653,10263.4,fbs0010
935,4042,2654,10234.083333333334,fbs0010
936,9500,2653,10005.0,fbs0010
937,181,2656,10070.5,fbs0010
938,6737,2656,10005.0,fbs0010
939,796,2709,11437.877133105801,fbs0010
940,4042,2662,10547.833333333334,fbs0010
941,180,2665,10372.142857142857,fbs0010
942,9307,2671,10404.130434782608,fbs0010
943,1079,2672,10403.08695652174,fbs0010
944,3325,2681,10915.024691358025,fbs0010
945,3036,2675,10339.35,fbs0010
946,275,2671,10800.5,fbs0010
947,241,2689,10757.788461538461,fbs0010
948,9499,2694,11019.306818181818,fbs0010
949,4801,2693,10762.941176470587,fbs0010
950,1728,2683,10260.75,fbs0010
951,610,2683,10041.0,fbs0010
952,609,2688,10236.0,fbs0010
953,359,2701,10064.0,fbs0010
954,4923,2707,10248.6,fbs0010
955,8177,2720,10748.096153846154,fbs0010
956,298,2710,10411.25,fbs0010
957,8319,2724,10729.033898305084,fbs0010
958,356,2752,11486.0,fbs0010
959,948,2753,11080.582159624413,fbs0010
960,1726,2713,10182.5,fbs0010
961,3062,2720,10307.277777777777,fbs0010
962,1726,2727,10646.382978723404,fbs0010
963,2961,2721,10238.666666666666,fbs0010
964,661,2723,10145.25,fbs0010
965,3117,2730,10248.5,fbs0010
966,8137,2727,10377.714285714286,fbs0010
967,5876,2777,11465.627507163324,fbs0010
968,3062,2731,10157.25,fbs0010
969,3907,2731,10306.5,fbs0010
970,9589,2733,10080.5,fbs0010
971,1998,2742,10413.2,fbs0010
972,1522,2738,10931.1,fbs0010
973,3117,2736,10008.0,fbs0010
974,1071,2740,10105.666666666666,fbs0010
975,1907,2739,10099.0,fbs0010
976,4885,2746,10626.323529411764,fbs0010
977,8673,2752,10523.128205128205,fbs0010
978,1521,2752,10459.857142857143,fbs0010
979,3891,2744,10164.166666666666,fbs0010
980,6235,2744,10215.8,fbs0010
981,8319,2763,11016.5,fbs0010
982,3061,2762,11068.70588235294,fbs0010
983,4602,2787,11280.34126984127,fbs0010
984,3116,2771,11004.612244897959,fbs0010
985,1905,2774,11075.404761904761,fbs0010
986,1660,2759,10552.5,fbs0010
987,267,2767,11508.375,fbs0010
988,1160,2770,11201.75,fbs0010
989,1409,2788,10174.0,fbs0010
990,3317,2846,11617.343103448276,fbs0010
991,1409,2796,10108.333333333334,fbs0010
992,1147,2848,11389.511695906433,fbs0010
993,851,2799,10608.0,fbs0010
994,2242,2814,10431.09090909091,fbs0010
995,6812,2820,10557.225,fbs0010
996,8969,2811,10082.57142857143,fbs0010
997,1407,2829,10870.604938271605,fbs0010
998,4549,2815,11558.285714285714,fbs0010
999,4693,2816,10042.0,fbs0010
1000,8493,2817,10221.666666666666,fbs0010
